<?xml version="1.0" ?>
<project name="Compute Shader Test" width="512" height="512">
	<assets>
		<viewports>
			<viewport name="Main" >
				<CLEAR_COLOR  r="0.0" g="0.0" b="0.0" />
			</viewport>
		</viewports>
	
		<materialLibs>
			<materialLib filename="computeShader.mlib"/>
		</materialLibs>
	</assets>
	
	<pipelines >
		<pipeline name="LS = 1" >
			<pass class="compute" name="pass1">
				<material name="computeShader" fromLibrary="Compute" dimX=512 dimY=512 dimZ=1 />
			</pass>
			<pass class="quad" name="pass2" >
				<viewport name="Main" />
				<texture name="Compute::tex" />
			</pass>
		</pipeline>
		

	</pipelines>
	
	
	
</project>	